<?xml version="1.0" encoding="UTF-8"?>
<project default="generate" name="JAVA2ACCELEO">
    <property name="ECLIPSE_HOME" value="../../../eclipse/java-2019-09/eclipse"/>
    <property name="ECLIPSE_WORKSPACE" value="../.."/>

    <!-- The classpath with only the dependencies used by the project -->
    <path id="JAVA2ACCELEO.libraryclasspath">
        <pathelement location="${ECLIPSE_WORKSPACE}/JAVA2ACCELEO/bin"/>
    </path>

    <path id="JAVA2ACCELEO.classpath">
        <path refid="JAVA2ACCELEO.libraryclasspath"/>
    </path>

    <!-- The classpath with only the jars available in the plugin folder of Eclipse -->
    <path id="JAVA2ACCELEO.libraryclasspath.alljars">
        <pathelement location="../JAVA2ACCELEO/bin"/>
        <fileset dir="${ECLIPSE_HOME}/plugins/" includes="*.jar"/>
    </path>

    <path id="JAVA2ACCELEO.classpath.alljars">
        <path refid="JAVA2ACCELEO.libraryclasspath.alljars"/>
    </path>

    <!-- The default task with the jars used by this project -->
    <target name="generate">
        <java classname="JAVA2ACCELEO.main.Generate" classpathref="JAVA2ACCELEO.classpath">
            <arg value="${model}"/>
            <arg value="${target}"/>
        </java>
    </target>

    <!--
        In case of problem you can also try with all the jar available in your Eclipse
        Keep in mind that having two versions of the same jar can create problems
    -->
    <target name="generate.alljars">
        <java classname="JAVA2ACCELEO.main.Generate" classpathref="JAVA2ACCELEO.classpath">
            <arg value="${model}"/>
            <arg value="${target}"/>
        </java>
    </target>
</project>
